상품코드,단말명,출고가,요금제코드,공시지원금,리베이트_번호이동,리베이트_기기변경
C_S24_256_BK,갤럭시S24 256 블랙,1155000,C105,480000,520000,380000
C_S24_256_BK,갤럭시S24 256 블랙,1155000,C85,360000,420000,300000
C_S24_256_BK,갤럭시S24 256 블랙,1155000,C55,240000,280000,180000
C_S24P_256_BK,갤럭시S24+ 256 블랙,1353000,C105,520000,570000,420000
C_S24P_256_BK,갤럭시S24+ 256 블랙,1353000,C85,400000,470000,330000
C_S24P_256_BK,갤럭시S24+ 256 블랙,1353000,C55,270000,320000,220000
C_IP16_256_BK,아이폰16 256 블랙,1400000,C105,330000,460000,350000
C_IP16_256_BK,아이폰16 256 블랙,1400000,C85,260000,380000,270000
C_IP16_256_BK,아이폰16 256 블랙,1400000,C55,160000,250000,160000
