partner,product_id,plan_id,field_code,condition_key,value_int,unit
A통신,P001,,device_price,base,1155000,KRW
A통신,P001,A115,subsidy_amount,base,500000,KRW
A통신,P001,A115,rebate,join=mnp,550000,KRW
A통신,P001,A115,rebate,join=chg,400000,KRW
A통신,P001,A89,subsidy_amount,base,380000,KRW
A통신,P001,A89,rebate,join=mnp,450000,KRW
A통신,P001,A89,rebate,join=chg,320000,KRW
A통신,P001,A55,subsidy_amount,base,250000,KRW
A통신,P001,A55,rebate,join=mnp,300000,KRW
A통신,P001,A55,rebate,join=chg,200000,KRW
A통신,P002,,device_price,base,1309000,KRW
A통신,P002,A115,subsidy_amount,base,500000,KRW
A통신,P002,A115,rebate,join=mnp,550000,KRW
A통신,P002,A115,rebate,join=chg,400000,KRW
A통신,P002,A89,subsidy_amount,base,380000,KRW
A통신,P002,A89,rebate,join=mnp,450000,KRW
A통신,P002,A89,rebate,join=chg,320000,KRW
A통신,P002,A55,subsidy_amount,base,250000,KRW
A통신,P002,A55,rebate,join=mnp,300000,KRW
A통신,P002,A55,rebate,join=chg,200000,KRW
A통신,P003,,device_price,base,1353000,KRW
A통신,P003,A115,subsidy_amount,base,550000,KRW
A통신,P003,A115,rebate,join=mnp,550000,KRW
A통신,P003,A115,rebate,join=chg,450000,KRW
A통신,P003,A89,subsidy_amount,base,420000,KRW
A통신,P003,A89,rebate,join=mnp,450000,KRW
A통신,P003,A89,rebate,join=chg,350000,KRW
A통신,P003,A55,subsidy_amount,base,280000,KRW
A통신,P003,A55,rebate,join=mnp,350000,KRW
A통신,P003,A55,rebate,join=chg,350000,KRW
A통신,P005,,device_price,base,1400000,KRW
A통신,P005,A115,subsidy_amount,base,500000,KRW
A통신,P005,A115,rebate,join=mnp,450000,KRW
A통신,P005,A115,rebate,join=chg,350000,KRW
A통신,P005,A89,subsidy_amount,base,250000,KRW
A통신,P005,A89,rebate,join=mnp,380000,KRW
A통신,P005,A89,rebate,join=chg,280000,KRW
A통신,P005,A55,subsidy_amount,base,150000,KRW
A통신,P005,A55,rebate,join=mnp,250000,KRW
A통신,P005,A55,rebate,join=chg,180000,KRW
B통신,P001,,device_price,base,1155000,KRW
B통신,P001,B110,subsidy_amount,base,700000,KRW
B통신,P001,B110,rebate,join=mnp,500000,KRW
B통신,P001,B110,rebate,join=chg,380000,KRW
B통신,P001,B90,subsidy_amount,base,380000,KRW
B통신,P001,B90,rebate,join=mnp,420000,KRW
B통신,P001,B90,rebate,join=chg,300000,KRW
B통신,P001,B59,subsidy_amount,base,250000,KRW
B통신,P001,B59,rebate,join=mnp,280000,KRW
B통신,P001,B59,rebate,join=chg,180000,KRW
B통신,P005,,device_price,base,1400000,KRW
B통신,P005,B110,subsidy_amount,base,350000,KRW
B통신,P005,B110,rebate,join=mnp,450000,KRW
B통신,P005,B110,rebate,join=chg,320000,KRW
B통신,P005,B90,subsidy_amount,base,280000,KRW
B통신,P005,B90,rebate,join=mnp,350000,KRW
B통신,P005,B90,rebate,join=chg,240000,KRW
B통신,P005,B59,subsidy_amount,base,180000,KRW
B통신,P005,B59,rebate,join=mnp,200000,KRW
B통신,P005,B59,rebate,join=chg,120000,KRW
C통신,P001,,device_price,base,1155000,KRW
C통신,P001,C105,subsidy_amount,base,480000,KRW
C통신,P001,C105,rebate,join=mnp,520000,KRW
C통신,P001,C105,rebate,join=chg,380000,KRW
C통신,P001,C85,subsidy_amount,base,360000,KRW
C통신,P001,C85,rebate,join=mnp,420000,KRW
C통신,P001,C85,rebate,join=chg,300000,KRW
C통신,P001,C55,subsidy_amount,base,240000,KRW
C통신,P001,C55,rebate,join=mnp,280000,KRW
C통신,P001,C55,rebate,join=chg,180000,KRW
C통신,P003,,device_price,base,1353000,KRW
C통신,P003,C105,subsidy_amount,base,520000,KRW
C통신,P003,C105,rebate,join=mnp,570000,KRW
C통신,P003,C105,rebate,join=chg,420000,KRW
C통신,P003,C85,subsidy_amount,base,400000,KRW
C통신,P003,C85,rebate,join=mnp,470000,KRW
C통신,P003,C85,rebate,join=chg,330000,KRW
C통신,P003,C55,subsidy_amount,base,270000,KRW
C통신,P003,C55,rebate,join=mnp,320000,KRW
C통신,P003,C55,rebate,join=chg,220000,KRW
C통신,P005,,device_price,base,1400000,KRW
C통신,P005,C105,subsidy_amount,base,330000,KRW
C통신,P005,C105,rebate,join=mnp,400000,KRW
C통신,P005,C105,rebate,join=chg,350000,KRW
C통신,P005,C85,subsidy_amount,base,260000,KRW
C통신,P005,C85,rebate,join=mnp,380000,KRW
C통신,P005,C85,rebate,join=chg,270000,KRW
C통신,P005,C55,subsidy_amount,base,160000,KRW
C통신,P005,C55,rebate,join=mnp,250000,KRW
C통신,P005,C55,rebate,join=chg,160000,KRW
C렌탈,P010,,monthly_rental_fee,base,36900,KRW
C렌탈,P010,,mandatory_months,base,60,month
C렌탈,P010,,registration_fee,base,100000,KRW
C렌탈,P011,,monthly_rental_fee,base,29900,KRW
C렌탈,P011,,mandatory_months,base,60,month
C렌탈,P011,,registration_fee,base,100000,KRW
C렌탈,P012,,monthly_rental_fee,base,25900,KRW
C렌탈,P012,,mandatory_months,base,36,month
C렌탈,P012,,registration_fee,base,0,KRW
B상조,P020,,monthly_installment,base,33000,KRW
B상조,P020,,installment_count,base,120,count
B상조,P021,,monthly_installment,base,22000,KRW
B상조,P021,,installment_count,base,120,count
